,reward_0,reward_1,reward_2,reward_3,reward_4,reward_5,timestep
0,-241.0,-131.0,-206.0,-292.0,-195.0,-177.0,2000
1,-234.0,-205.0,-154.0,-186.0,-171.0,-109.0,4000
2,-105.0,-109.0,-98.0,-110.0,-107.0,-116.0,6000
3,-78.0,-91.0,-210.0,-104.0,-79.0,-94.0,8000
4,-101.0,-80.0,-93.0,-84.0,-102.0,-99.0,10000
5,-89.0,-84.0,-91.0,-113.0,-121.0,-106.0,12000
6,-89.0,-75.0,-85.0,-66.0,-105.0,-79.0,14000
7,-90.0,-77.0,-75.0,-98.0,-73.0,-64.0,16000
8,-89.0,-88.0,-90.0,-69.0,-101.0,-88.0,18000
9,-73.0,-78.0,-80.0,-94.0,-107.0,-69.0,20000
10,-73.0,-65.0,-73.0,-96.0,-63.0,-91.0,22000
11,-92.0,-77.0,-98.0,-72.0,-73.0,-70.0,24000
12,-89.0,-65.0,-123.0,-76.0,-79.0,-81.0,26000
13,-76.0,-200.0,-194.0,-93.0,-81.0,-92.0,28000
14,-77.0,-78.0,-68.0,-96.0,-78.0,-89.0,30000
15,-71.0,-93.0,-72.0,-75.0,-77.0,-77.0,32000
16,-78.0,-172.0,-83.0,-78.0,-89.0,-72.0,34000
17,-75.0,-69.0,-92.0,-77.0,-95.0,-71.0,36000
18,-92.0,-92.0,-72.0,-78.0,-98.0,-78.0,38000
19,-89.0,-71.0,-90.0,-95.0,-77.0,-76.0,40000
20,-78.0,-63.0,-90.0,-113.0,-78.0,-81.0,42000
21,-84.0,-101.0,-84.0,-85.0,-62.0,-77.0,44000
22,-90.0,-94.0,-78.0,-70.0,-77.0,-77.0,46000
23,-91.0,-112.0,-78.0,-71.0,-91.0,-73.0,48000
24,-70.0,-83.0,-80.0,-80.0,-88.0,-79.0,50000
25,-75.0,-75.0,-70.0,-62.0,-96.0,-72.0,52000
26,-78.0,-91.0,-86.0,-89.0,-80.0,-109.0,54000
27,-68.0,-82.0,-86.0,-77.0,-71.0,-95.0,56000
28,-80.0,-100.0,-72.0,-75.0,-105.0,-93.0,58000
29,-81.0,-71.0,-96.0,-109.0,-71.0,-122.0,60000
30,-77.0,-69.0,-85.0,-84.0,-94.0,-72.0,62000
31,-76.0,-76.0,-68.0,-72.0,-76.0,-70.0,64000
32,-75.0,-92.0,-86.0,-85.0,-135.0,-100.0,66000
33,-91.0,-77.0,-69.0,-84.0,-73.0,-70.0,68000
34,-79.0,-78.0,-87.0,-85.0,-118.0,-74.0,70000
35,-77.0,-77.0,-80.0,-71.0,-88.0,-91.0,72000
36,-70.0,-98.0,-81.0,-76.0,-76.0,-104.0,74000
37,-91.0,-102.0,-85.0,-76.0,-74.0,-80.0,76000
38,-71.0,-77.0,-83.0,-81.0,-79.0,-70.0,78000
39,-76.0,-78.0,-79.0,-96.0,-68.0,-94.0,80000
40,-77.0,-73.0,-63.0,-81.0,-63.0,-71.0,82000
41,-89.0,-70.0,-71.0,-76.0,-80.0,-79.0,84000
42,-114.0,-127.0,-73.0,-78.0,-115.0,-80.0,86000
43,-70.0,-80.0,-83.0,-95.0,-87.0,-72.0,88000
44,-70.0,-93.0,-89.0,-70.0,-73.0,-104.0,90000
45,-125.0,-73.0,-74.0,-70.0,-72.0,-73.0,92000
46,-83.0,-93.0,-87.0,-93.0,-127.0,-75.0,94000
47,-81.0,-97.0,-69.0,-71.0,-73.0,-84.0,96000
48,-291.0,-69.0,-89.0,-72.0,-92.0,-95.0,98000
49,-78.0,-71.0,-68.0,-91.0,-96.0,-84.0,100000
50,-77.0,-74.0,-93.0,-77.0,-73.0,-77.0,102000
51,-85.0,-100.0,-78.0,-72.0,-74.0,-73.0,104000
52,-76.0,-76.0,-78.0,-74.0,-81.0,-76.0,106000
53,-71.0,-78.0,-69.0,-97.0,-100.0,-82.0,108000
54,-85.0,-77.0,-123.0,-77.0,-81.0,-70.0,110000
55,-78.0,-69.0,-83.0,-84.0,-76.0,-141.0,112000
56,-74.0,-70.0,-75.0,-69.0,-77.0,-95.0,114000
57,-82.0,-91.0,-68.0,-70.0,-73.0,-77.0,116000
58,-78.0,-82.0,-78.0,-72.0,-91.0,-103.0,118000
59,-72.0,-77.0,-84.0,-139.0,-161.0,-103.0,120000
60,-72.0,-79.0,-137.0,-76.0,-69.0,-77.0,122000
61,-77.0,-127.0,-72.0,-77.0,-148.0,-84.0,124000
62,-87.0,-75.0,-112.0,-88.0,-78.0,-76.0,126000
63,-95.0,-77.0,-76.0,-77.0,-69.0,-71.0,128000
64,-109.0,-101.0,-70.0,-79.0,-79.0,-70.0,130000
65,-94.0,-93.0,-79.0,-88.0,-81.0,-89.0,132000
66,-77.0,-75.0,-78.0,-78.0,-68.0,-76.0,134000
67,-76.0,-76.0,-96.0,-78.0,-76.0,-79.0,136000
68,-83.0,-69.0,-73.0,-80.0,-75.0,-71.0,138000
69,-71.0,-78.0,-91.0,-74.0,-94.0,-76.0,140000
70,-107.0,-107.0,-71.0,-94.0,-89.0,-97.0,142000
71,-70.0,-69.0,-83.0,-90.0,-91.0,-88.0,144000
72,-77.0,-98.0,-76.0,-92.0,-98.0,-74.0,146000
73,-93.0,-91.0,-79.0,-79.0,-71.0,-76.0,148000
74,-84.0,-64.0,-80.0,-73.0,-91.0,-90.0,150000
75,-82.0,-109.0,-71.0,-78.0,-77.0,-80.0,152000
76,-89.0,-77.0,-72.0,-72.0,-85.0,-75.0,154000
77,-79.0,-81.0,-82.0,-72.0,-76.0,-89.0,156000
78,-69.0,-70.0,-79.0,-102.0,-76.0,-77.0,158000
79,-90.0,-70.0,-89.0,-73.0,-69.0,-72.0,160000
80,-78.0,-81.0,-83.0,-77.0,-83.0,-76.0,162000
81,-71.0,-136.0,-77.0,-76.0,-96.0,-100.0,164000
82,-74.0,-85.0,-73.0,-71.0,-84.0,-78.0,166000
83,-71.0,-71.0,-77.0,-82.0,-78.0,-79.0,168000
84,-90.0,-76.0,-68.0,-77.0,-75.0,-74.0,170000
85,-70.0,-99.0,-84.0,-78.0,-105.0,-68.0,172000
86,-71.0,-72.0,-78.0,-86.0,-88.0,-85.0,174000
87,-68.0,-77.0,-86.0,-91.0,-78.0,-70.0,176000
88,-87.0,-73.0,-86.0,-77.0,-85.0,-70.0,178000
89,-84.0,-80.0,-78.0,-70.0,-70.0,-77.0,180000
90,-75.0,-88.0,-204.0,-75.0,-83.0,-80.0,182000
91,-79.0,-81.0,-71.0,-71.0,-70.0,-88.0,184000
92,-82.0,-91.0,-75.0,-76.0,-70.0,-70.0,186000
93,-79.0,-76.0,-77.0,-77.0,-77.0,-71.0,188000
94,-72.0,-74.0,-76.0,-79.0,-89.0,-84.0,190000
95,-85.0,-79.0,-70.0,-77.0,-101.0,-92.0,192000
96,-77.0,-81.0,-64.0,-70.0,-78.0,-89.0,194000
97,-71.0,-74.0,-73.0,-92.0,-128.0,-86.0,196000
98,-83.0,-83.0,-72.0,-83.0,-63.0,-71.0,198000
99,-92.0,-88.0,-77.0,-88.0,-83.0,-77.0,200000
100,-69.0,-78.0,-69.0,-68.0,-92.0,-62.0,202000
101,-91.0,-85.0,-76.0,-74.0,-87.0,-103.0,204000
102,-99.0,-70.0,-72.0,-78.0,-92.0,-68.0,206000
103,-81.0,-77.0,-79.0,-70.0,-102.0,-89.0,208000
104,-77.0,-79.0,-92.0,-65.0,-150.0,-76.0,210000
105,-81.0,-71.0,-80.0,-85.0,-95.0,-77.0,212000
106,-68.0,-78.0,-81.0,-79.0,-73.0,-78.0,214000
107,-78.0,-77.0,-75.0,-73.0,-81.0,-75.0,216000
108,-71.0,-73.0,-89.0,-77.0,-105.0,-70.0,218000
109,-91.0,-71.0,-64.0,-76.0,-62.0,-88.0,222000
110,-68.0,-78.0,-73.0,-83.0,-77.0,-84.0,224000
111,-77.0,-97.0,-78.0,-85.0,-81.0,-63.0,226000
112,-82.0,-76.0,-92.0,-82.0,-104.0,-80.0,228000
113,-70.0,-62.0,-78.0,-92.0,-79.0,-81.0,230000
114,-70.0,-82.0,-81.0,-77.0,-134.0,-63.0,232000
115,-127.0,-77.0,-70.0,-82.0,-119.0,-76.0,236000
116,-140.0,-85.0,-76.0,-81.0,-72.0,-78.0,238000
117,-70.0,-80.0,-63.0,-76.0,-69.0,-78.0,240000
118,-77.0,-81.0,-77.0,-70.0,-75.0,-92.0,242000
119,-87.0,-86.0,-83.0,-80.0,-86.0,-75.0,244000
120,-136.0,-70.0,-83.0,-93.0,-75.0,-75.0,246000
121,-113.0,-74.0,-69.0,-70.0,-107.0,-77.0,248000
122,-73.0,-81.0,-80.0,-73.0,-63.0,-77.0,250000
123,-96.0,-70.0,-85.0,-78.0,-78.0,-69.0,252000
124,-78.0,-77.0,-78.0,-70.0,-69.0,-109.0,254000
125,-86.0,-70.0,-72.0,-132.0,-87.0,-115.0,256000
126,-62.0,-69.0,-70.0,-85.0,-70.0,-70.0,258000
127,-85.0,-90.0,-86.0,-73.0,-62.0,-61.0,260000
128,-87.0,-63.0,-91.0,-71.0,-70.0,-79.0,262000
129,-79.0,-76.0,-70.0,-69.0,-107.0,-79.0,264000
130,-70.0,-117.0,-62.0,-185.0,-70.0,-70.0,266000
131,-94.0,-70.0,-88.0,-89.0,-79.0,-63.0,268000
132,-69.0,-62.0,-69.0,-91.0,-87.0,-91.0,270000
133,-73.0,-73.0,-70.0,-70.0,-67.0,-79.0,274000
134,-70.0,-258.0,-70.0,-63.0,-102.0,-70.0,276000
135,-70.0,-89.0,-75.0,-92.0,-70.0,-69.0,278000
136,-70.0,-79.0,-79.0,-108.0,-69.0,-70.0,280000
137,-75.0,-71.0,-70.0,-69.0,-75.0,-71.0,282000
138,-95.0,-72.0,-79.0,-80.0,-75.0,-74.0,284000
139,-80.0,-72.0,-75.0,-93.0,-70.0,-77.0,286000
140,-71.0,-84.0,-76.0,-76.0,-70.0,-95.0,288000
141,-87.0,-75.0,-79.0,-77.0,-70.0,-62.0,290000
142,-80.0,-77.0,-72.0,-81.0,-76.0,-77.0,292000
143,-77.0,-77.0,-72.0,-88.0,-78.0,-109.0,294000
144,-75.0,-211.0,-116.0,-63.0,-69.0,-62.0,296000
145,-109.0,-86.0,-80.0,-80.0,-92.0,-86.0,298000
146,-70.0,-71.0,-77.0,-70.0,-86.0,-74.0,300000
147,-152.0,-70.0,-79.0,-95.0,-70.0,-70.0,302000
148,-71.0,-70.0,-63.0,-70.0,-63.0,-62.0,304000
149,-88.0,-157.0,-61.0,-70.0,-87.0,-82.0,306000
150,-69.0,-70.0,-72.0,-118.0,-73.0,-73.0,308000
151,-70.0,-89.0,-70.0,-74.0,-70.0,-70.0,310000
152,-79.0,-71.0,-75.0,-72.0,-74.0,-91.0,312000
153,-107.0,-88.0,-92.0,-91.0,-78.0,-70.0,314000
154,-148.0,-72.0,-62.0,-79.0,-115.0,-69.0,316000
155,-62.0,-75.0,-78.0,-73.0,-69.0,-69.0,318000
156,-70.0,-92.0,-73.0,-73.0,-63.0,-62.0,320000
157,-81.0,-70.0,-69.0,-74.0,-88.0,-129.0,322000
158,-93.0,-82.0,-70.0,-71.0,-79.0,-70.0,324000
159,-70.0,-61.0,-76.0,-73.0,-88.0,-63.0,326000
160,-85.0,-71.0,-77.0,-93.0,-132.0,-70.0,328000
161,-76.0,-63.0,-189.0,-78.0,-98.0,-88.0,330000
162,-143.0,-79.0,-72.0,-68.0,-73.0,-63.0,332000
163,-106.0,-118.0,-71.0,-89.0,-97.0,-72.0,334000
164,-62.0,-68.0,-76.0,-62.0,-69.0,-70.0,336000
165,-71.0,-71.0,-69.0,-70.0,-71.0,-70.0,338000
166,-71.0,-75.0,-62.0,-104.0,-71.0,-82.0,340000
167,-84.0,-88.0,-71.0,-70.0,-70.0,-69.0,342000
168,-70.0,-99.0,-74.0,-63.0,-71.0,-62.0,344000
169,-80.0,-95.0,-61.0,-70.0,-75.0,-78.0,346000
170,-73.0,-63.0,-75.0,-62.0,-63.0,-74.0,348000
171,-88.0,-193.0,-97.0,-89.0,-86.0,-85.0,350000
172,-97.0,-82.0,-73.0,-77.0,-74.0,-95.0,352000
173,-97.0,-94.0,-75.0,-70.0,-70.0,-97.0,354000
174,-96.0,-142.0,-93.0,-92.0,-117.0,-74.0,356000
175,-202.0,-106.0,-91.0,-158.0,-63.0,-75.0,358000
176,-100.0,-81.0,-70.0,-70.0,-95.0,-163.0,360000
177,-72.0,-93.0,-63.0,-62.0,-61.0,-86.0,362000
178,-87.0,-69.0,-69.0,-63.0,-72.0,-90.0,364000
179,-71.0,-62.0,-63.0,-83.0,-80.0,-75.0,366000
180,-71.0,-62.0,-70.0,-70.0,-70.0,-92.0,368000
181,-83.0,-166.0,-85.0,-63.0,-75.0,-74.0,370000
182,-74.0,-62.0,-86.0,-69.0,-62.0,-143.0,372000
183,-74.0,-86.0,-93.0,-75.0,-108.0,-71.0,374000
184,-78.0,-172.0,-63.0,-75.0,-70.0,-63.0,376000
185,-78.0,-94.0,-70.0,-71.0,-78.0,-82.0,378000
186,-63.0,-63.0,-63.0,-62.0,-82.0,-94.0,380000
187,-70.0,-92.0,-71.0,-79.0,-62.0,-82.0,382000
188,-62.0,-62.0,-77.0,-71.0,-93.0,-70.0,384000
189,-84.0,-71.0,-71.0,-75.0,-73.0,-70.0,386000
190,-70.0,-70.0,-69.0,-80.0,-63.0,-79.0,388000
191,-69.0,-78.0,-195.0,-84.0,-79.0,-134.0,390000
192,-91.0,-177.0,-85.0,-93.0,-71.0,-70.0,392000
193,-104.0,-90.0,-63.0,-63.0,-70.0,-135.0,394000
194,-98.0,-89.0,-81.0,-89.0,-62.0,-75.0,396000
195,-62.0,-63.0,-70.0,-88.0,-71.0,-107.0,398000
196,-71.0,-71.0,-63.0,-70.0,-80.0,-71.0,400000
197,-70.0,-73.0,-69.0,-92.0,-63.0,-73.0,402000
198,-71.0,-63.0,-63.0,-64.0,-133.0,-79.0,404000
199,-63.0,-74.0,-70.0,-71.0,-71.0,-92.0,406000
200,-71.0,-76.0,-73.0,-70.0,-81.0,-63.0,408000
201,-70.0,-70.0,-74.0,-76.0,-70.0,-88.0,410000
202,-61.0,-70.0,-62.0,-76.0,-71.0,-91.0,412000
203,-128.0,-62.0,-85.0,-70.0,-63.0,-69.0,414000
204,-62.0,-70.0,-70.0,-71.0,-95.0,-84.0,416000
205,-83.0,-71.0,-71.0,-75.0,-64.0,-71.0,418000
206,-99.0,-79.0,-76.0,-62.0,-71.0,-80.0,420000
207,-63.0,-80.0,-71.0,-63.0,-75.0,-71.0,422000
208,-62.0,-70.0,-72.0,-87.0,-94.0,-75.0,424000
209,-93.0,-70.0,-70.0,-70.0,-62.0,-79.0,428000
210,-88.0,-84.0,-70.0,-85.0,-75.0,-70.0,430000
211,-62.0,-164.0,-83.0,-79.0,-63.0,-70.0,432000
212,-87.0,-87.0,-63.0,-85.0,-71.0,-92.0,434000
213,-85.0,-70.0,-71.0,-61.0,-75.0,-71.0,436000
214,-108.0,-85.0,-95.0,-97.0,-63.0,-71.0,438000
215,-62.0,-74.0,-64.0,-126.0,-69.0,-70.0,440000
216,-71.0,-63.0,-127.0,-72.0,-115.0,-72.0,442000
217,-70.0,-70.0,-78.0,-82.0,-82.0,-70.0,444000
218,-79.0,-63.0,-82.0,-70.0,-61.0,-63.0,446000
219,-62.0,-94.0,-63.0,-94.0,-64.0,-70.0,448000
220,-71.0,-71.0,-97.0,-123.0,-84.0,-75.0,450000
221,-62.0,-86.0,-83.0,-94.0,-500.0,-147.0,452000
222,-75.0,-70.0,-69.0,-70.0,-70.0,-97.0,454000
223,-82.0,-69.0,-88.0,-70.0,-70.0,-70.0,456000
224,-109.0,-62.0,-92.0,-63.0,-63.0,-64.0,458000
225,-86.0,-71.0,-71.0,-63.0,-62.0,-63.0,460000
226,-77.0,-91.0,-70.0,-82.0,-164.0,-77.0,462000
227,-77.0,-73.0,-91.0,-71.0,-81.0,-77.0,464000
228,-71.0,-71.0,-82.0,-93.0,-71.0,-62.0,466000
229,-71.0,-65.0,-64.0,-72.0,-77.0,-75.0,468000
230,-73.0,-76.0,-74.0,-72.0,-71.0,-63.0,470000
231,-88.0,-71.0,-64.0,-92.0,-70.0,-71.0,472000
232,-71.0,-64.0,-71.0,-63.0,-71.0,-84.0,474000
233,-63.0,-72.0,-89.0,-81.0,-90.0,-82.0,476000
234,-72.0,-64.0,-64.0,-64.0,-75.0,-75.0,478000
235,-71.0,-99.0,-65.0,-77.0,-76.0,-72.0,480000
236,-63.0,-88.0,-73.0,-93.0,-71.0,-71.0,482000
237,-93.0,-76.0,-70.0,-92.0,-80.0,-87.0,484000
238,-72.0,-83.0,-63.0,-82.0,-76.0,-80.0,486000
239,-71.0,-64.0,-70.0,-94.0,-78.0,-88.0,488000
240,-83.0,-84.0,-71.0,-63.0,-78.0,-71.0,490000
241,-87.0,-71.0,-76.0,-72.0,-63.0,-62.0,492000
242,-72.0,-274.0,-77.0,-70.0,-72.0,-83.0,494000
243,-94.0,-71.0,-70.0,-64.0,-71.0,-69.0,496000
244,-62.0,-95.0,-92.0,-71.0,-83.0,-71.0,498000
245,-63.0,-95.0,-71.0,-94.0,-63.0,-63.0,500000
246,-70.0,-64.0,-72.0,-70.0,-90.0,-70.0,502000
247,-88.0,-63.0,-84.0,-74.0,-71.0,-93.0,504000
248,-63.0,-86.0,-93.0,-71.0,-71.0,-84.0,506000
249,-71.0,-64.0,-85.0,-84.0,-97.0,-71.0,508000
250,-71.0,-82.0,-71.0,-63.0,-81.0,-72.0,512000
251,-63.0,-75.0,-81.0,-71.0,-73.0,-85.0,514000
252,-75.0,-95.0,-110.0,-63.0,-75.0,-63.0,516000
253,-73.0,-80.0,-62.0,-75.0,-96.0,-76.0,518000
254,-71.0,-63.0,-82.0,-63.0,-71.0,-71.0,520000
255,-83.0,-70.0,-80.0,-81.0,-78.0,-81.0,522000
256,-64.0,-96.0,-71.0,-71.0,-72.0,-145.0,524000
257,-73.0,-78.0,-74.0,-64.0,-74.0,-64.0,526000
258,-62.0,-92.0,-70.0,-62.0,-71.0,-63.0,528000
259,-63.0,-72.0,-78.0,-63.0,-89.0,-71.0,530000
260,-70.0,-71.0,-88.0,-63.0,-76.0,-122.0,532000
261,-63.0,-92.0,-70.0,-133.0,-70.0,-62.0,534000
262,-71.0,-63.0,-64.0,-83.0,-76.0,-77.0,536000
263,-70.0,-63.0,-71.0,-64.0,-71.0,-71.0,538000
264,-72.0,-88.0,-73.0,-63.0,-73.0,-72.0,540000
265,-71.0,-63.0,-64.0,-72.0,-84.0,-73.0,542000
266,-79.0,-71.0,-72.0,-74.0,-81.0,-75.0,544000
267,-93.0,-64.0,-74.0,-80.0,-99.0,-72.0,546000
268,-77.0,-64.0,-78.0,-63.0,-83.0,-64.0,548000
269,-71.0,-76.0,-83.0,-87.0,-63.0,-72.0,550000
270,-71.0,-72.0,-76.0,-76.0,-63.0,-82.0,552000
271,-81.0,-77.0,-63.0,-71.0,-72.0,-64.0,554000
272,-86.0,-63.0,-64.0,-75.0,-154.0,-81.0,556000
273,-81.0,-70.0,-62.0,-72.0,-63.0,-77.0,558000
274,-89.0,-173.0,-63.0,-71.0,-209.0,-83.0,560000
275,-67.0,-70.0,-72.0,-94.0,-71.0,-101.0,562000
276,-70.0,-82.0,-109.0,-93.0,-71.0,-62.0,564000
277,-103.0,-72.0,-70.0,-71.0,-63.0,-62.0,566000
278,-87.0,-70.0,-62.0,-71.0,-64.0,-71.0,568000
279,-98.0,-88.0,-70.0,-86.0,-93.0,-71.0,570000
280,-63.0,-149.0,-70.0,-70.0,-62.0,-70.0,572000
281,-70.0,-63.0,-62.0,-74.0,-62.0,-63.0,574000
282,-94.0,-76.0,-72.0,-62.0,-82.0,-203.0,576000
283,-70.0,-73.0,-197.0,-93.0,-63.0,-71.0,580000
284,-87.0,-63.0,-63.0,-94.0,-82.0,-63.0,582000
285,-98.0,-198.0,-62.0,-82.0,-83.0,-82.0,584000
286,-71.0,-74.0,-62.0,-111.0,-62.0,-62.0,586000
287,-62.0,-99.0,-71.0,-87.0,-139.0,-91.0,588000
288,-63.0,-77.0,-71.0,-95.0,-72.0,-70.0,590000
289,-106.0,-191.0,-85.0,-63.0,-91.0,-87.0,592000
290,-84.0,-89.0,-78.0,-70.0,-90.0,-84.0,594000
291,-79.0,-88.0,-63.0,-63.0,-70.0,-71.0,596000
292,-70.0,-500.0,-71.0,-70.0,-71.0,-70.0,598000
293,-63.0,-73.0,-63.0,-63.0,-93.0,-88.0,600000
294,-89.0,-62.0,-75.0,-146.0,-155.0,-69.0,602000
295,-70.0,-63.0,-70.0,-71.0,-62.0,-63.0,604000
296,-81.0,-70.0,-63.0,-75.0,-63.0,-62.0,606000
297,-70.0,-63.0,-74.0,-94.0,-63.0,-91.0,608000
298,-77.0,-99.0,-74.0,-82.0,-81.0,-82.0,610000
299,-242.0,-62.0,-74.0,-63.0,-64.0,-62.0,612000
300,-104.0,-70.0,-70.0,-70.0,-84.0,-71.0,614000
301,-70.0,-72.0,-72.0,-63.0,-92.0,-62.0,616000
302,-71.0,-167.0,-94.0,-70.0,-96.0,-138.0,618000
303,-82.0,-63.0,-70.0,-90.0,-84.0,-96.0,620000
304,-86.0,-84.0,-74.0,-93.0,-72.0,-70.0,622000
305,-84.0,-73.0,-69.0,-63.0,-71.0,-61.0,624000
306,-71.0,-72.0,-70.0,-72.0,-87.0,-62.0,626000
307,-71.0,-70.0,-70.0,-71.0,-96.0,-62.0,628000
308,-72.0,-70.0,-75.0,-90.0,-70.0,-71.0,630000
309,-75.0,-145.0,-71.0,-70.0,-70.0,-64.0,634000
310,-100.0,-80.0,-71.0,-84.0,-85.0,-71.0,636000
311,-64.0,-64.0,-70.0,-104.0,-174.0,-97.0,638000
312,-82.0,-70.0,-70.0,-195.0,-82.0,-92.0,640000
313,-77.0,-61.0,-64.0,-111.0,-70.0,-79.0,642000
314,-87.0,-71.0,-62.0,-63.0,-64.0,-81.0,644000
315,-72.0,-71.0,-84.0,-62.0,-71.0,-92.0,646000
316,-63.0,-82.0,-75.0,-64.0,-105.0,-72.0,648000
317,-63.0,-102.0,-72.0,-63.0,-70.0,-90.0,650000
318,-77.0,-70.0,-79.0,-64.0,-76.0,-70.0,652000
319,-87.0,-82.0,-71.0,-88.0,-70.0,-62.0,654000
320,-88.0,-85.0,-70.0,-63.0,-70.0,-95.0,656000
321,-94.0,-85.0,-71.0,-71.0,-61.0,-70.0,658000
322,-89.0,-97.0,-70.0,-87.0,-62.0,-103.0,660000
323,-70.0,-70.0,-88.0,-85.0,-160.0,-71.0,662000
324,-103.0,-71.0,-71.0,-73.0,-72.0,-77.0,664000
325,-86.0,-71.0,-70.0,-63.0,-71.0,-81.0,666000
326,-70.0,-74.0,-70.0,-93.0,-70.0,-70.0,668000
327,-70.0,-99.0,-82.0,-71.0,-69.0,-71.0,670000
328,-82.0,-148.0,-78.0,-147.0,-70.0,-63.0,672000
329,-82.0,-63.0,-70.0,-96.0,-87.0,-73.0,674000
330,-63.0,-62.0,-70.0,-70.0,-63.0,-73.0,676000
331,-113.0,-71.0,-70.0,-76.0,-161.0,-75.0,678000
332,-70.0,-70.0,-86.0,-82.0,-85.0,-71.0,680000
333,-71.0,-69.0,-65.0,-71.0,-71.0,-81.0,682000
334,-77.0,-70.0,-82.0,-110.0,-87.0,-98.0,684000
335,-79.0,-71.0,-70.0,-63.0,-75.0,-82.0,686000
336,-64.0,-124.0,-90.0,-71.0,-84.0,-83.0,688000
337,-85.0,-93.0,-75.0,-91.0,-70.0,-97.0,690000
338,-85.0,-70.0,-76.0,-70.0,-71.0,-62.0,692000
339,-70.0,-70.0,-94.0,-63.0,-70.0,-71.0,694000
340,-71.0,-89.0,-71.0,-63.0,-74.0,-70.0,696000
341,-72.0,-71.0,-62.0,-75.0,-75.0,-71.0,698000
342,-63.0,-71.0,-63.0,-88.0,-92.0,-63.0,700000
343,-71.0,-88.0,-77.0,-63.0,-63.0,-77.0,702000
344,-63.0,-69.0,-63.0,-70.0,-75.0,-70.0,704000
345,-74.0,-70.0,-83.0,-70.0,-71.0,-97.0,706000
346,-74.0,-91.0,-148.0,-63.0,-70.0,-62.0,708000
347,-71.0,-63.0,-63.0,-74.0,-63.0,-63.0,710000
348,-102.0,-70.0,-63.0,-70.0,-73.0,-70.0,712000
349,-87.0,-71.0,-71.0,-188.0,-95.0,-75.0,714000
350,-70.0,-62.0,-70.0,-62.0,-71.0,-88.0,716000
351,-71.0,-100.0,-62.0,-91.0,-70.0,-63.0,718000
352,-62.0,-88.0,-62.0,-93.0,-72.0,-62.0,720000
353,-82.0,-63.0,-70.0,-93.0,-75.0,-62.0,722000
354,-92.0,-69.0,-63.0,-70.0,-69.0,-76.0,724000
355,-75.0,-173.0,-63.0,-62.0,-62.0,-70.0,726000
356,-71.0,-84.0,-62.0,-94.0,-76.0,-106.0,728000
357,-74.0,-87.0,-126.0,-130.0,-70.0,-63.0,730000
358,-75.0,-88.0,-79.0,-92.0,-102.0,-62.0,732000
359,-71.0,-70.0,-89.0,-136.0,-92.0,-75.0,734000
360,-88.0,-138.0,-70.0,-70.0,-70.0,-69.0,736000
361,-61.0,-89.0,-70.0,-71.0,-71.0,-70.0,738000
362,-134.0,-73.0,-76.0,-74.0,-81.0,-63.0,740000
363,-70.0,-75.0,-62.0,-77.0,-69.0,-70.0,742000
364,-86.0,-79.0,-94.0,-81.0,-70.0,-74.0,744000
365,-70.0,-70.0,-71.0,-76.0,-77.0,-96.0,746000
366,-63.0,-69.0,-69.0,-71.0,-83.0,-71.0,748000
367,-87.0,-71.0,-81.0,-61.0,-70.0,-70.0,750000
368,-71.0,-62.0,-76.0,-70.0,-74.0,-87.0,752000
369,-80.0,-71.0,-79.0,-83.0,-63.0,-71.0,754000
370,-72.0,-85.0,-183.0,-75.0,-81.0,-70.0,756000
371,-70.0,-76.0,-73.0,-89.0,-70.0,-87.0,758000
372,-93.0,-103.0,-93.0,-74.0,-70.0,-75.0,760000
373,-62.0,-70.0,-84.0,-70.0,-70.0,-70.0,762000
374,-63.0,-62.0,-85.0,-70.0,-93.0,-80.0,764000
375,-77.0,-84.0,-76.0,-70.0,-79.0,-70.0,766000
376,-70.0,-63.0,-84.0,-90.0,-93.0,-64.0,768000
377,-94.0,-86.0,-64.0,-88.0,-71.0,-101.0,770000
378,-86.0,-71.0,-70.0,-75.0,-70.0,-92.0,772000
379,-118.0,-73.0,-70.0,-61.0,-70.0,-72.0,774000
380,-70.0,-70.0,-70.0,-62.0,-81.0,-81.0,776000
381,-70.0,-63.0,-88.0,-82.0,-82.0,-70.0,778000
382,-63.0,-70.0,-70.0,-73.0,-71.0,-88.0,780000
383,-71.0,-70.0,-87.0,-62.0,-70.0,-73.0,782000
384,-70.0,-75.0,-70.0,-71.0,-140.0,-71.0,784000
385,-181.0,-83.0,-93.0,-82.0,-87.0,-101.0,786000
386,-70.0,-63.0,-83.0,-70.0,-108.0,-186.0,788000
387,-71.0,-62.0,-71.0,-70.0,-79.0,-71.0,790000
388,-62.0,-75.0,-71.0,-70.0,-70.0,-70.0,792000
389,-81.0,-64.0,-71.0,-63.0,-74.0,-79.0,794000
390,-63.0,-72.0,-62.0,-62.0,-61.0,-88.0,796000
391,-85.0,-91.0,-70.0,-75.0,-62.0,-98.0,798000
392,-113.0,-89.0,-62.0,-62.0,-70.0,-62.0,800000
393,-80.0,-70.0,-73.0,-70.0,-72.0,-70.0,802000
394,-71.0,-70.0,-70.0,-82.0,-70.0,-70.0,804000
395,-62.0,-69.0,-73.0,-94.0,-62.0,-82.0,806000
396,-63.0,-63.0,-86.0,-63.0,-63.0,-157.0,808000
397,-85.0,-76.0,-81.0,-80.0,-63.0,-71.0,810000
398,-70.0,-71.0,-62.0,-132.0,-70.0,-63.0,812000
399,-72.0,-69.0,-164.0,-63.0,-71.0,-70.0,814000
400,-70.0,-62.0,-71.0,-70.0,-72.0,-80.0,816000
401,-62.0,-70.0,-87.0,-63.0,-71.0,-71.0,818000
402,-70.0,-63.0,-63.0,-71.0,-72.0,-94.0,822000
403,-86.0,-79.0,-71.0,-63.0,-88.0,-64.0,824000
404,-92.0,-94.0,-74.0,-97.0,-71.0,-67.0,826000
405,-70.0,-71.0,-70.0,-62.0,-71.0,-71.0,828000
406,-88.0,-63.0,-62.0,-72.0,-64.0,-63.0,830000
407,-63.0,-75.0,-62.0,-70.0,-71.0,-61.0,832000
408,-72.0,-71.0,-98.0,-80.0,-71.0,-145.0,834000
409,-109.0,-73.0,-500.0,-86.0,-71.0,-115.0,836000
410,-70.0,-71.0,-63.0,-83.0,-71.0,-70.0,838000
411,-147.0,-62.0,-81.0,-70.0,-72.0,-71.0,840000
412,-75.0,-63.0,-70.0,-247.0,-71.0,-91.0,842000
413,-63.0,-73.0,-70.0,-88.0,-62.0,-62.0,844000
414,-92.0,-70.0,-95.0,-71.0,-64.0,-70.0,846000
415,-76.0,-192.0,-70.0,-63.0,-87.0,-71.0,848000
416,-74.0,-83.0,-71.0,-83.0,-70.0,-71.0,850000
417,-70.0,-72.0,-90.0,-73.0,-97.0,-84.0,852000
418,-71.0,-63.0,-70.0,-64.0,-82.0,-64.0,854000
419,-60.0,-91.0,-63.0,-71.0,-72.0,-63.0,856000
420,-71.0,-71.0,-71.0,-88.0,-83.0,-76.0,858000
421,-87.0,-81.0,-77.0,-82.0,-74.0,-73.0,860000
422,-62.0,-70.0,-101.0,-62.0,-87.0,-70.0,862000
423,-78.0,-76.0,-96.0,-74.0,-87.0,-63.0,864000
424,-94.0,-70.0,-92.0,-93.0,-70.0,-91.0,866000
425,-70.0,-93.0,-94.0,-94.0,-82.0,-71.0,868000
426,-71.0,-71.0,-87.0,-70.0,-94.0,-70.0,870000
427,-82.0,-77.0,-98.0,-87.0,-95.0,-64.0,872000
428,-86.0,-90.0,-74.0,-63.0,-75.0,-73.0,874000
429,-106.0,-71.0,-72.0,-95.0,-101.0,-192.0,876000
430,-70.0,-88.0,-70.0,-63.0,-70.0,-63.0,878000
431,-70.0,-63.0,-70.0,-85.0,-73.0,-70.0,880000
432,-69.0,-71.0,-194.0,-93.0,-70.0,-71.0,882000
433,-62.0,-62.0,-72.0,-63.0,-72.0,-88.0,884000
434,-79.0,-71.0,-62.0,-86.0,-83.0,-70.0,886000
435,-87.0,-70.0,-80.0,-97.0,-62.0,-88.0,888000
436,-83.0,-75.0,-76.0,-96.0,-91.0,-70.0,890000
437,-90.0,-70.0,-72.0,-63.0,-63.0,-71.0,892000
438,-63.0,-69.0,-71.0,-69.0,-61.0,-62.0,894000
439,-85.0,-96.0,-70.0,-108.0,-80.0,-80.0,896000
440,-63.0,-95.0,-62.0,-75.0,-83.0,-62.0,898000
441,-96.0,-61.0,-82.0,-84.0,-63.0,-61.0,900000
442,-63.0,-92.0,-93.0,-70.0,-235.0,-62.0,902000
443,-90.0,-88.0,-63.0,-73.0,-86.0,-62.0,904000
444,-83.0,-63.0,-70.0,-135.0,-70.0,-86.0,906000
445,-84.0,-62.0,-85.0,-70.0,-136.0,-89.0,908000
446,-63.0,-62.0,-63.0,-71.0,-62.0,-74.0,910000
447,-70.0,-62.0,-71.0,-86.0,-71.0,-108.0,912000
448,-71.0,-74.0,-72.0,-70.0,-81.0,-85.0,914000
449,-60.0,-71.0,-63.0,-81.0,-71.0,-63.0,916000
450,-72.0,-71.0,-71.0,-62.0,-70.0,-70.0,918000
451,-90.0,-62.0,-62.0,-94.0,-63.0,-83.0,920000
452,-93.0,-84.0,-83.0,-63.0,-83.0,-84.0,922000
453,-63.0,-63.0,-71.0,-75.0,-83.0,-71.0,924000
454,-73.0,-93.0,-80.0,-91.0,-70.0,-82.0,926000
455,-72.0,-80.0,-83.0,-70.0,-71.0,-72.0,928000
456,-72.0,-72.0,-75.0,-63.0,-74.0,-83.0,930000
457,-93.0,-63.0,-63.0,-80.0,-63.0,-70.0,932000
458,-71.0,-80.0,-72.0,-88.0,-71.0,-79.0,934000
459,-62.0,-70.0,-81.0,-71.0,-64.0,-71.0,936000
460,-94.0,-71.0,-64.0,-72.0,-76.0,-63.0,938000
461,-81.0,-86.0,-86.0,-64.0,-62.0,-64.0,940000
462,-87.0,-63.0,-72.0,-106.0,-64.0,-63.0,942000
463,-70.0,-71.0,-179.0,-70.0,-76.0,-88.0,944000
464,-63.0,-152.0,-93.0,-64.0,-71.0,-69.0,946000
465,-72.0,-73.0,-77.0,-75.0,-75.0,-92.0,948000
466,-61.0,-104.0,-63.0,-62.0,-109.0,-93.0,950000
467,-94.0,-64.0,-62.0,-64.0,-64.0,-64.0,952000
468,-71.0,-80.0,-64.0,-64.0,-78.0,-85.0,954000
469,-63.0,-66.0,-117.0,-72.0,-88.0,-64.0,956000
470,-73.0,-88.0,-89.0,-63.0,-94.0,-72.0,958000
471,-90.0,-85.0,-63.0,-117.0,-71.0,-70.0,960000
472,-96.0,-71.0,-72.0,-118.0,-71.0,-83.0,962000
473,-70.0,-103.0,-94.0,-64.0,-87.0,-90.0,964000
474,-63.0,-96.0,-64.0,-83.0,-178.0,-63.0,966000
475,-86.0,-71.0,-71.0,-83.0,-72.0,-84.0,968000
476,-64.0,-66.0,-71.0,-64.0,-63.0,-87.0,970000
477,-64.0,-78.0,-63.0,-92.0,-63.0,-82.0,972000
478,-63.0,-64.0,-83.0,-70.0,-63.0,-63.0,974000
479,-62.0,-85.0,-87.0,-64.0,-91.0,-70.0,976000
480,-64.0,-71.0,-72.0,-88.0,-62.0,-85.0,978000
481,-87.0,-72.0,-63.0,-71.0,-120.0,-94.0,980000
482,-106.0,-70.0,-160.0,-75.0,-71.0,-71.0,982000
483,-62.0,-67.0,-71.0,-96.0,-85.0,-75.0,984000
484,-75.0,-91.0,-65.0,-116.0,-64.0,-75.0,986000
485,-195.0,-79.0,-139.0,-72.0,-71.0,-73.0,988000
486,-63.0,-147.0,-83.0,-64.0,-155.0,-71.0,990000
487,-70.0,-101.0,-74.0,-90.0,-70.0,-93.0,992000
488,-82.0,-63.0,-88.0,-64.0,-72.0,-70.0,994000
489,-112.0,-90.0,-63.0,-72.0,-82.0,-72.0,996000
490,-89.0,-85.0,-75.0,-83.0,-87.0,-61.0,998000
491,-68.0,-164.0,-83.0,-91.0,-82.0,-85.0,1000000
492,-91.0,-71.0,-79.0,-63.0,-158.0,-63.0,1000080
